customer_id,anomaly_score,is_anomaly,rank
C100338,0.624548,True,1
C100377,0.614567,True,2
C101455,0.604703,True,3
C102393,0.602003,True,4
C101268,0.599792,True,5
C101679,0.598243,True,6
C100397,0.597846,True,7
C100369,0.596828,True,8
C100542,0.596521,True,9
C101942,0.595878,True,10
C101360,0.595159,True,11
C100131,0.594443,True,12
C101496,0.594434,True,13
C101852,0.593819,True,14
C100869,0.59023,True,15
C100040,0.590187,True,16
C102362,0.588317,True,17
C101637,0.588288,True,18
C101025,0.588278,True,19
C101937,0.58754,True,20
C101257,0.587496,True,21
C100349,0.586836,True,22
C100041,0.585427,True,23
C101130,0.585248,True,24
C102162,0.584402,True,25
C100669,0.583393,True,26
C102386,0.583372,True,27
C102291,0.58219,True,28
C101994,0.579943,True,29
C100744,0.578702,True,30
C102371,0.57862,True,31
C100729,0.577184,True,32
C101933,0.57454,True,33
C101484,0.572797,True,34
C100520,0.57271,True,35
C101894,0.571894,True,36
C101929,0.569689,True,37
C102019,0.569676,True,38
C101176,0.568801,True,39
C101227,0.568719,True,40
C101758,0.568166,True,41
C101419,0.567493,True,42
C101807,0.567199,True,43
C100786,0.56663,True,44
C102122,0.565922,True,45
C100157,0.565811,True,46
C102421,0.565569,True,47
C102182,0.564072,True,48
C100885,0.563749,True,49
C100109,0.56319,True,50
C100158,0.562536,True,51
C101305,0.561323,True,52
C101570,0.560864,True,53
C102269,0.560634,True,54
C101672,0.560528,True,55
C101082,0.560443,True,56
C101973,0.56026,True,57
C102008,0.559922,True,58
C101187,0.559782,True,59
C100809,0.558716,True,60
C100348,0.557649,True,61
C102026,0.557618,True,62
C100353,0.557354,True,63
C101669,0.556861,True,64
C102221,0.556189,True,65
C101602,0.55611,True,66
C101592,0.55588,True,67
C100844,0.555876,True,68
C101007,0.555442,True,69
C100005,0.555106,True,70
C100072,0.55455,True,71
C101055,0.552826,True,72
C100927,0.551338,True,73
C100571,0.551031,True,74
C100681,0.55074,True,75
C100075,0.54964,True,76
C101458,0.549265,True,77
C101902,0.54804,True,78
C101823,0.54747,True,79
C100771,0.545863,True,80
C101853,0.545289,True,81
C100928,0.545171,True,82
C100499,0.545132,True,83
C102157,0.544538,True,84
C100205,0.543507,True,85
C101619,0.542929,True,86
C102253,0.542496,True,87
C100595,0.542457,True,88
C100062,0.542073,True,89
C101015,0.541476,True,90
C101101,0.540808,True,91
C100842,0.540613,True,92
C100839,0.540518,True,93
C101507,0.540404,True,94
C101292,0.540143,True,95
C100399,0.539685,True,96
C101214,0.539123,True,97
C100434,0.538931,True,98
C102370,0.538822,True,99
C100026,0.53865,True,100
C100453,0.538217,True,101
C101970,0.537971,True,102
C100346,0.537089,True,103
C101417,0.536803,True,104
C101968,0.536775,True,105
C101976,0.536531,True,106
C100606,0.536437,True,107
C102040,0.536367,True,108
C101791,0.536189,True,109
C102335,0.536154,True,110
C100893,0.536083,True,111
C102130,0.536003,True,112
C101254,0.535873,True,113
C101435,0.535715,True,114
C101775,0.535154,True,115
C101668,0.535146,True,116
C102385,0.535141,True,117
C100186,0.535124,True,118
C102402,0.534648,True,119
C100076,0.534535,True,120
C101298,0.534442,True,121
C101486,0.534198,True,122
C100421,0.534121,True,123
C100487,0.533807,True,124
C101047,0.533724,True,125
C102032,0.533584,False,126
C101805,0.533582,False,127
C100882,0.532394,False,128
C102154,0.532357,False,129
C102212,0.532272,False,130
C101030,0.531511,False,131
C101291,0.531278,False,132
C101730,0.531174,False,133
C101614,0.530698,False,134
C102021,0.530501,False,135
C101490,0.530431,False,136
C101299,0.530365,False,137
C101931,0.530072,False,138
C102180,0.529985,False,139
C101834,0.52981,False,140
C101133,0.52974,False,141
C101799,0.529596,False,142
C101383,0.529415,False,143
C100125,0.528657,False,144
C101573,0.528575,False,145
C101705,0.528515,False,146
C101535,0.528157,False,147
C102121,0.528104,False,148
C101934,0.527804,False,149
C100365,0.527647,False,150
C101300,0.527542,False,151
C102264,0.527381,False,152
C101754,0.526739,False,153
C100443,0.526515,False,154
C101125,0.526308,False,155
C100371,0.525739,False,156
C101957,0.525497,False,157
C101625,0.525406,False,158
C102075,0.524556,False,159
C101242,0.524357,False,160
C100233,0.523716,False,161
C100748,0.523494,False,162
C101815,0.522672,False,163
C101070,0.522378,False,164
C101966,0.522328,False,165
C102482,0.522296,False,166
C101035,0.522274,False,167
C101428,0.522152,False,168
C101202,0.522119,False,169
C101402,0.521959,False,170
C102352,0.521692,False,171
C101228,0.521659,False,172
C101295,0.521637,False,173
C100852,0.521245,False,174
C100818,0.520998,False,175
C101651,0.520693,False,176
C102013,0.52063,False,177
C101949,0.520604,False,178
C102014,0.520553,False,179
C101654,0.519832,False,180
C101096,0.519795,False,181
C102452,0.519679,False,182
C101986,0.519587,False,183
C102211,0.519476,False,184
C100466,0.518992,False,185
C100010,0.51875,False,186
C100143,0.518261,False,187
C100802,0.51814,False,188
C102440,0.518084,False,189
C100547,0.517945,False,190
C101718,0.517848,False,191
C102095,0.517735,False,192
C100401,0.517499,False,193
C101588,0.517396,False,194
C100939,0.51739,False,195
C102215,0.516691,False,196
C100124,0.516592,False,197
C102411,0.516504,False,198
C102222,0.516401,False,199
C100117,0.516365,False,200
C100735,0.515704,False,201
C100282,0.515636,False,202
C101001,0.51559,False,203
C100999,0.51545,False,204
C101798,0.515236,False,205
C100265,0.515204,False,206
C102267,0.514978,False,207
C101963,0.514525,False,208
C101914,0.51451,False,209
C100773,0.514251,False,210
C100827,0.514244,False,211
C102286,0.514127,False,212
C100360,0.514126,False,213
C100651,0.514104,False,214
C100772,0.513859,False,215
C102438,0.513815,False,216
C100340,0.513584,False,217
C101923,0.513551,False,218
C101284,0.512857,False,219
C101661,0.512828,False,220
C100469,0.512633,False,221
C100208,0.512348,False,222
C102189,0.512297,False,223
C102118,0.512239,False,224
C101251,0.512013,False,225
C101156,0.511898,False,226
C102388,0.511386,False,227
C100133,0.511001,False,228
C101735,0.510921,False,229
C100857,0.510896,False,230
C101263,0.510715,False,231
C101491,0.510597,False,232
C101275,0.510462,False,233
C100851,0.510333,False,234
C101065,0.510223,False,235
C100301,0.510099,False,236
C101422,0.509968,False,237
C100632,0.509904,False,238
C100228,0.509844,False,239
C102320,0.509765,False,240
C101780,0.509728,False,241
C100431,0.509619,False,242
C102432,0.509529,False,243
C102165,0.509513,False,244
C100086,0.509508,False,245
C100229,0.509348,False,246
C101694,0.509342,False,247
C100891,0.509256,False,248
C100707,0.509207,False,249
C100142,0.509154,False,250
C102209,0.509071,False,251
C100881,0.509056,False,252
C101059,0.508871,False,253
C100861,0.508759,False,254
C102132,0.508682,False,255
C101990,0.508563,False,256
C101897,0.508448,False,257
C100162,0.508435,False,258
C101591,0.508414,False,259
C101238,0.508363,False,260
C100960,0.508281,False,261
C102321,0.508269,False,262
C100393,0.50786,False,263
C100237,0.50775,False,264
C102229,0.507679,False,265
C102295,0.507572,False,266
C101706,0.507474,False,267
C100776,0.507461,False,268
C100067,0.507251,False,269
C101164,0.507214,False,270
C102111,0.507132,False,271
C102184,0.506812,False,272
C101418,0.506717,False,273
C102259,0.506701,False,274
C100870,0.506643,False,275
C100352,0.506373,False,276
C100738,0.506336,False,277
C102280,0.506101,False,278
C102139,0.506019,False,279
C102242,0.505926,False,280
C100014,0.505662,False,281
C102207,0.505638,False,282
C102159,0.505564,False,283
C101459,0.505412,False,284
C100924,0.505393,False,285
C102203,0.505333,False,286
C100630,0.50522,False,287
C100537,0.505169,False,288
C101810,0.505127,False,289
C100378,0.504985,False,290
C101351,0.504909,False,291
C101421,0.504736,False,292
C101013,0.504608,False,293
C101896,0.504511,False,294
C101465,0.504472,False,295
C100115,0.503634,False,296
C100579,0.503613,False,297
C100700,0.503526,False,298
C100758,0.503232,False,299
C100652,0.502995,False,300
C101900,0.502883,False,301
C101665,0.502768,False,302
C101262,0.502761,False,303
C102358,0.502542,False,304
C102306,0.502487,False,305
C101556,0.502487,False,306
C100535,0.502404,False,307
C100329,0.502392,False,308
C100064,0.502358,False,309
C101042,0.502351,False,310
C102161,0.502344,False,311
C102030,0.501747,False,312
C101369,0.501396,False,313
C101809,0.501349,False,314
C101549,0.501023,False,315
C101102,0.501012,False,316
C102009,0.50101,False,317
C102477,0.500604,False,318
C101069,0.500447,False,319
C100405,0.500363,False,320
C101762,0.500345,False,321
C100717,0.50024,False,322
C101857,0.500239,False,323
C100853,0.500167,False,324
C100497,0.50009,False,325
C102137,0.5,False,326
C100938,0.499962,False,327
C100491,0.499955,False,328
C101997,0.499749,False,329
C101599,0.499695,False,330
C102038,0.499202,False,331
C101631,0.498896,False,332
C100337,0.498767,False,333
C100530,0.498606,False,334
C101789,0.498406,False,335
C101860,0.498314,False,336
C100962,0.498105,False,337
C102283,0.498069,False,338
C101056,0.498061,False,339
C101012,0.498045,False,340
C102150,0.498035,False,341
C102424,0.498027,False,342
C100173,0.498006,False,343
C100107,0.497942,False,344
C101700,0.497856,False,345
C102044,0.497844,False,346
C101945,0.497784,False,347
C100964,0.497419,False,348
C100304,0.497317,False,349
C101618,0.497265,False,350
C102293,0.497225,False,351
C102449,0.497101,False,352
C100837,0.496765,False,353
C100886,0.496731,False,354
C101243,0.49666,False,355
C102070,0.496608,False,356
C100650,0.496559,False,357
C101710,0.496493,False,358
C101016,0.496232,False,359
C102284,0.496178,False,360
C100607,0.495842,False,361
C102256,0.495789,False,362
C101868,0.495737,False,363
C102343,0.49573,False,364
C101310,0.495722,False,365
C100532,0.495702,False,366
C100636,0.495699,False,367
C101659,0.495601,False,368
C100035,0.495487,False,369
C100264,0.495307,False,370
C102446,0.495251,False,371
C100136,0.49517,False,372
C100989,0.49511,False,373
C101195,0.494972,False,374
C102403,0.494898,False,375
C101621,0.494814,False,376
C100439,0.49479,False,377
C102288,0.494745,False,378
C100889,0.494643,False,379
C101595,0.494486,False,380
C102364,0.494439,False,381
C100411,0.494347,False,382
C101093,0.494124,False,383
C101893,0.493843,False,384
C101387,0.49381,False,385
C100659,0.493673,False,386
C100615,0.493612,False,387
C100269,0.493589,False,388
C101253,0.493413,False,389
C101713,0.49339,False,390
C100621,0.493361,False,391
C100803,0.493294,False,392
C100350,0.493081,False,393
C100283,0.493077,False,394
C101135,0.492961,False,395
C101826,0.49288,False,396
C100943,0.492763,False,397
C101505,0.492724,False,398
C101980,0.492518,False,399
C101833,0.492505,False,400
C100195,0.492213,False,401
C101276,0.492082,False,402
C100310,0.492072,False,403
C100121,0.49206,False,404
C102341,0.491979,False,405
C101423,0.491887,False,406
C102210,0.491767,False,407
C101494,0.49172,False,408
C100679,0.491716,False,409
C101871,0.491459,False,410
C100307,0.491347,False,411
C101429,0.491324,False,412
C101095,0.491174,False,413
C101401,0.490977,False,414
C100447,0.490845,False,415
C100533,0.490678,False,416
C102152,0.490665,False,417
C100214,0.490559,False,418
C100627,0.490515,False,419
C100343,0.490499,False,420
C102160,0.489842,False,421
C100658,0.489825,False,422
C101840,0.489811,False,423
C100171,0.489782,False,424
C100055,0.489705,False,425
C102478,0.489493,False,426
C101743,0.489405,False,427
C100129,0.48938,False,428
C101031,0.489338,False,429
C102186,0.489308,False,430
C101099,0.489258,False,431
C100783,0.489172,False,432
C101094,0.489111,False,433
C100463,0.489106,False,434
C100176,0.489101,False,435
C101551,0.489011,False,436
C101183,0.489002,False,437
C101790,0.488684,False,438
C101647,0.488673,False,439
C101028,0.488603,False,440
C101008,0.488594,False,441
C101851,0.48855,False,442
C101773,0.488407,False,443
C101368,0.488302,False,444
C102049,0.488265,False,445
C100139,0.488116,False,446
C101526,0.48811,False,447
C100593,0.488024,False,448
C100286,0.487916,False,449
C100341,0.487777,False,450
C100934,0.487348,False,451
C101675,0.487296,False,452
C102448,0.487264,False,453
C101550,0.487234,False,454
C101111,0.48684,False,455
C101376,0.486797,False,456
C100568,0.486575,False,457
C100438,0.486532,False,458
C101969,0.486493,False,459
C101585,0.486479,False,460
C100661,0.486409,False,461
C101801,0.486355,False,462
C100702,0.486286,False,463
C100132,0.48622,False,464
C102246,0.486181,False,465
C101908,0.485913,False,466
C101955,0.48574,False,467
C100623,0.485589,False,468
C101770,0.485539,False,469
C101349,0.485384,False,470
C101707,0.485169,False,471
C101748,0.484986,False,472
C100790,0.484922,False,473
C100224,0.484779,False,474
C102378,0.484656,False,475
C100120,0.484644,False,476
C102168,0.484557,False,477
C100836,0.484383,False,478
C102322,0.484196,False,479
C100088,0.484176,False,480
C101910,0.48417,False,481
C101606,0.484072,False,482
C100169,0.484054,False,483
C100664,0.484014,False,484
C100599,0.48398,False,485
C101993,0.483972,False,486
C101364,0.483863,False,487
C101936,0.48374,False,488
C101277,0.483652,False,489
C102036,0.483631,False,490
C101043,0.483572,False,491
C101039,0.483312,False,492
C101662,0.483282,False,493
C100112,0.483255,False,494
C101939,0.483116,False,495
C102407,0.483082,False,496
C100202,0.483078,False,497
C100597,0.482967,False,498
C100634,0.482872,False,499
C102299,0.482809,False,500
C100909,0.48271,False,501
C101498,0.48269,False,502
C101520,0.482651,False,503
C101772,0.482617,False,504
C101239,0.482563,False,505
C100003,0.482325,False,506
C101114,0.482033,False,507
C102094,0.481995,False,508
C100680,0.481944,False,509
C101331,0.481896,False,510
C101313,0.481879,False,511
C100528,0.48186,False,512
C100366,0.481813,False,513
C101786,0.481758,False,514
C102004,0.481753,False,515
C100218,0.481533,False,516
C101988,0.481528,False,517
C100324,0.481245,False,518
C100683,0.48122,False,519
C102010,0.480917,False,520
C100053,0.480903,False,521
C101795,0.480808,False,522
C101727,0.480755,False,523
C100437,0.480751,False,524
C100673,0.480744,False,525
C100949,0.480704,False,526
C100234,0.480607,False,527
C101615,0.480574,False,528
C101998,0.480518,False,529
C101250,0.4805,False,530
C100262,0.480438,False,531
C100575,0.480415,False,532
C101152,0.480374,False,533
C100227,0.480353,False,534
C101666,0.480214,False,535
C101330,0.480203,False,536
C101953,0.480194,False,537
C100876,0.479738,False,538
C101701,0.479585,False,539
C100526,0.479492,False,540
C100781,0.479386,False,541
C101779,0.479368,False,542
C101523,0.479232,False,543
C100373,0.47923,False,544
C102001,0.47917,False,545
C102303,0.479033,False,546
C101357,0.478738,False,547
C102249,0.47873,False,548
C100616,0.478681,False,549
C101206,0.478637,False,550
C100114,0.478586,False,551
C100482,0.478455,False,552
C102381,0.478074,False,553
C101378,0.478045,False,554
C100270,0.477976,False,555
C100549,0.47792,False,556
C100788,0.477891,False,557
C100024,0.477715,False,558
C101285,0.477647,False,559
C101504,0.47758,False,560
C100817,0.477565,False,561
C100425,0.477391,False,562
C102328,0.47723,False,563
C101127,0.477187,False,564
C101026,0.477122,False,565
C100920,0.47711,False,566
C101918,0.477058,False,567
C100514,0.476946,False,568
C101782,0.476686,False,569
C102134,0.47659,False,570
C100198,0.476574,False,571
C101886,0.476398,False,572
C100478,0.47628,False,573
C101328,0.476153,False,574
C100985,0.476147,False,575
C100875,0.475812,False,576
C102483,0.475749,False,577
C102272,0.475745,False,578
C101405,0.475699,False,579
C101379,0.475683,False,580
C101209,0.47567,False,581
C101337,0.47554,False,582
C102441,0.475384,False,583
C101247,0.47536,False,584
C101545,0.475358,False,585
C100292,0.475244,False,586
C102196,0.475216,False,587
C102151,0.475193,False,588
C100711,0.47519,False,589
C100123,0.475173,False,590
C100854,0.47502,False,591
C101836,0.475016,False,592
C100432,0.474993,False,593
C100122,0.474984,False,594
C101720,0.474902,False,595
C101645,0.474753,False,596
C102117,0.474711,False,597
C100933,0.47468,False,598
C100396,0.474647,False,599
C102146,0.474642,False,600
C101663,0.474639,False,601
C100200,0.474595,False,602
C101888,0.474489,False,603
C100728,0.47442,False,604
C100459,0.474206,False,605
C102097,0.474115,False,606
C101208,0.474074,False,607
C101386,0.474069,False,608
C100977,0.474069,False,609
C100670,0.473993,False,610
C100696,0.473985,False,611
C101178,0.473965,False,612
C101309,0.473854,False,613
C100935,0.473824,False,614
C102260,0.473757,False,615
C100420,0.47374,False,616
C100178,0.473669,False,617
C102311,0.473493,False,618
C101525,0.473405,False,619
C100280,0.473399,False,620
C101726,0.473306,False,621
C100808,0.473277,False,622
C100417,0.473142,False,623
C100489,0.473095,False,624
C102093,0.472892,False,625
C101797,0.472887,False,626
C101768,0.472879,False,627
C102350,0.472768,False,628
C100485,0.472714,False,629
C100686,0.47267,False,630
C100083,0.472636,False,631
C100723,0.472607,False,632
C102391,0.472596,False,633
C100145,0.472551,False,634
C100305,0.472501,False,635
C101519,0.472485,False,636
C101352,0.47242,False,637
C101617,0.472363,False,638
C100194,0.472345,False,639
C100016,0.472333,False,640
C102166,0.472287,False,641
C101068,0.472273,False,642
C101363,0.472243,False,643
C100828,0.472207,False,644
C101803,0.471999,False,645
C100375,0.471834,False,646
C101256,0.471833,False,647
C102109,0.471807,False,648
C101528,0.471744,False,649
C101472,0.471731,False,650
C102187,0.47164,False,651
C101226,0.471316,False,652
C101972,0.471205,False,653
C100440,0.471155,False,654
C100354,0.471094,False,655
C100751,0.471015,False,656
C101033,0.470692,False,657
C102090,0.470634,False,658
C100368,0.470629,False,659
C100395,0.4706,False,660
C101466,0.470464,False,661
C101741,0.470173,False,662
C101126,0.470145,False,663
C101958,0.470138,False,664
C100259,0.470115,False,665
C101751,0.47006,False,666
C102266,0.470006,False,667
C101567,0.469823,False,668
C100544,0.469677,False,669
C101204,0.469594,False,670
C100982,0.469588,False,671
C100468,0.46955,False,672
C100608,0.469527,False,673
C101158,0.469068,False,674
C102263,0.469066,False,675
C101145,0.469064,False,676
C102465,0.468969,False,677
C100941,0.468931,False,678
C100190,0.46889,False,679
C102268,0.468882,False,680
C100175,0.468878,False,681
C100212,0.468845,False,682
C102018,0.468842,False,683
C100874,0.468784,False,684
C101557,0.468731,False,685
C102495,0.468564,False,686
C100539,0.468528,False,687
C102417,0.468252,False,688
C100166,0.468144,False,689
C101375,0.468136,False,690
C102037,0.468062,False,691
C100779,0.468035,False,692
C102357,0.468025,False,693
C100581,0.467967,False,694
C100019,0.467867,False,695
C101171,0.467865,False,696
C102426,0.467654,False,697
C102490,0.467642,False,698
C100192,0.467639,False,699
C101259,0.467635,False,700
C102197,0.46761,False,701
C101231,0.467601,False,702
C101512,0.467599,False,703
C101947,0.467416,False,704
C100054,0.467309,False,705
C100281,0.467169,False,706
C101439,0.467142,False,707
C100640,0.467117,False,708
C100654,0.466971,False,709
C102453,0.466927,False,710
C100957,0.466647,False,711
C100692,0.466594,False,712
C100047,0.466588,False,713
C100252,0.466574,False,714
C100492,0.466561,False,715
C101252,0.466318,False,716
C100578,0.46631,False,717
C100714,0.466307,False,718
C101481,0.4663,False,719
C100961,0.466267,False,720
C100216,0.466218,False,721
C100531,0.466214,False,722
C101648,0.466155,False,723
C100763,0.466101,False,724
C101719,0.466044,False,725
C101544,0.466007,False,726
C100631,0.466006,False,727
C102065,0.46595,False,728
C100564,0.465926,False,729
C102124,0.465914,False,730
C100222,0.465887,False,731
C102155,0.465682,False,732
C101697,0.465533,False,733
C101699,0.465505,False,734
C101750,0.465497,False,735
C100764,0.465473,False,736
C100843,0.465333,False,737
C100973,0.46532,False,738
C101954,0.465269,False,739
C102379,0.465124,False,740
C100488,0.465077,False,741
C101695,0.464996,False,742
C101693,0.464882,False,743
C101296,0.464877,False,744
C101987,0.464847,False,745
C100187,0.464482,False,746
C100042,0.464438,False,747
C102128,0.464388,False,748
C102061,0.464095,False,749
C101073,0.464084,False,750
C100483,0.464079,False,751
C102258,0.463967,False,752
C100183,0.463925,False,753
C100298,0.463841,False,754
C102416,0.463828,False,755
C101673,0.463794,False,756
C100235,0.463776,False,757
C100477,0.463774,False,758
C101922,0.463638,False,759
C100855,0.463594,False,760
C100082,0.463593,False,761
C100058,0.463549,False,762
C100077,0.463498,False,763
C100592,0.463438,False,764
C100994,0.463427,False,765
C101041,0.46333,False,766
C102144,0.463321,False,767
C102195,0.463313,False,768
C100740,0.463294,False,769
C100068,0.46328,False,770
C102108,0.46325,False,771
C101683,0.463242,False,772
C100848,0.463232,False,773
C100622,0.463225,False,774
C102063,0.463168,False,775
C100422,0.463146,False,776
C100232,0.463106,False,777
C100677,0.462993,False,778
C100442,0.462932,False,779
C101224,0.462784,False,780
C101434,0.462742,False,781
C102425,0.462649,False,782
C101783,0.462594,False,783
C101020,0.462474,False,784
C101709,0.462432,False,785
C101911,0.462373,False,786
C101474,0.462309,False,787
C101812,0.462295,False,788
C101350,0.46229,False,789
C100382,0.462244,False,790
C100556,0.462158,False,791
C100671,0.462125,False,792
C101437,0.462108,False,793
C101019,0.462061,False,794
C100148,0.461947,False,795
C102123,0.461868,False,796
C101596,0.46184,False,797
C100403,0.461821,False,798
C100251,0.461753,False,799
C101620,0.461735,False,800
C101563,0.461721,False,801
C101274,0.461716,False,802
C102028,0.461703,False,803
C101892,0.461643,False,804
C100787,0.461638,False,805
C101157,0.461589,False,806
C102434,0.461411,False,807
C102418,0.461394,False,808
C100910,0.461324,False,809
C100959,0.461252,False,810
C101053,0.461247,False,811
C100709,0.46124,False,812
C101882,0.461049,False,813
C101856,0.461033,False,814
C102468,0.460957,False,815
C102191,0.460956,False,816
C100704,0.460939,False,817
C100267,0.460933,False,818
C102167,0.460879,False,819
C101453,0.460779,False,820
C100980,0.460573,False,821
C101765,0.46056,False,822
C101258,0.460517,False,823
C102071,0.460339,False,824
C100833,0.460266,False,825
C100099,0.460114,False,826
C101140,0.460103,False,827
C101744,0.460042,False,828
C102241,0.460041,False,829
C101266,0.459981,False,830
C102243,0.459937,False,831
C101194,0.459842,False,832
C101322,0.459808,False,833
C100134,0.459779,False,834
C102142,0.459767,False,835
C102156,0.459715,False,836
C101396,0.459708,False,837
C101907,0.459675,False,838
C101687,0.459597,False,839
C100170,0.459574,False,840
C100404,0.459461,False,841
C100057,0.459427,False,842
C101849,0.459387,False,843
C102205,0.459275,False,844
C101534,0.459248,False,845
C100379,0.45924,False,846
C102397,0.459195,False,847
C101233,0.459184,False,848
C101109,0.459081,False,849
C101167,0.458971,False,850
C102052,0.458948,False,851
C102325,0.458903,False,852
C101136,0.458888,False,853
C101965,0.458817,False,854
C100562,0.45876,False,855
C101785,0.458752,False,856
C101288,0.458644,False,857
C102072,0.458635,False,858
C101085,0.458597,False,859
C102092,0.458499,False,860
C101269,0.458435,False,861
C101236,0.458428,False,862
C101862,0.458404,False,863
C102096,0.458267,False,864
C100750,0.458218,False,865
C100944,0.458157,False,866
C100609,0.458051,False,867
C100084,0.457933,False,868
C100812,0.457903,False,869
C101117,0.457887,False,870
C100966,0.457863,False,871
C101689,0.457822,False,872
C101393,0.457814,False,873
C102198,0.457798,False,874
C100501,0.457724,False,875
C102081,0.457707,False,876
C101547,0.457664,False,877
C100546,0.457615,False,878
C102302,0.457601,False,879
C102082,0.457594,False,880
C101426,0.457545,False,881
C101725,0.457492,False,882
C100693,0.457433,False,883
C100364,0.457404,False,884
C101067,0.457346,False,885
C100141,0.457169,False,886
C100009,0.457144,False,887
C100335,0.457127,False,888
C101721,0.457053,False,889
C102389,0.456925,False,890
C101835,0.456913,False,891
C101979,0.456906,False,892
C100317,0.456829,False,893
C100516,0.456792,False,894
C102027,0.456706,False,895
C102497,0.456665,False,896
C101197,0.456655,False,897
C102100,0.45663,False,898
C100012,0.45662,False,899
C100313,0.45658,False,900
C102046,0.456579,False,901
C102455,0.456528,False,902
C101311,0.4565,False,903
C100510,0.456427,False,904
C100253,0.456406,False,905
C100914,0.456404,False,906
C101883,0.456257,False,907
C100517,0.456245,False,908
C102376,0.456145,False,909
C101901,0.455977,False,910
C101060,0.455856,False,911
C102485,0.455856,False,912
C101086,0.455715,False,913
C102179,0.455589,False,914
C101984,0.455512,False,915
C100586,0.455429,False,916
C102484,0.455413,False,917
C101774,0.455328,False,918
C100859,0.455323,False,919
C100752,0.455308,False,920
C101005,0.455281,False,921
C100584,0.455275,False,922
C100645,0.455262,False,923
C102057,0.455121,False,924
C101403,0.455119,False,925
C101141,0.455035,False,926
C102247,0.455021,False,927
C101560,0.455008,False,928
C102104,0.454995,False,929
C100295,0.454972,False,930
C101737,0.454962,False,931
C101240,0.454911,False,932
C100762,0.45489,False,933
C100416,0.454811,False,934
C101506,0.454798,False,935
C100987,0.454763,False,936
C100992,0.45473,False,937
C101134,0.454692,False,938
C102387,0.454664,False,939
C101394,0.454609,False,940
C101124,0.454603,False,941
C101131,0.454594,False,942
C100274,0.45455,False,943
C100462,0.454118,False,944
C100594,0.454111,False,945
C102178,0.454086,False,946
C100509,0.454006,False,947
C101449,0.453988,False,948
C102281,0.453935,False,949
C101280,0.453915,False,950
C100316,0.453914,False,951
C101034,0.453895,False,952
C100079,0.453878,False,953
C100096,0.453848,False,954
C102473,0.453789,False,955
C100321,0.453771,False,956
C102064,0.453716,False,957
C101698,0.453713,False,958
C101878,0.453607,False,959
C100240,0.453574,False,960
C101607,0.453564,False,961
C100760,0.45349,False,962
C101644,0.453457,False,963
C101080,0.453398,False,964
C101590,0.453398,False,965
C101448,0.453383,False,966
C100029,0.453372,False,967
C101692,0.453315,False,968
C101084,0.453299,False,969
C102114,0.45326,False,970
C100641,0.453246,False,971
C100409,0.453165,False,972
C101670,0.453053,False,973
C102310,0.453048,False,974
C101159,0.453044,False,975
C100336,0.453038,False,976
C102185,0.453026,False,977
C102035,0.452895,False,978
C100356,0.452805,False,979
C101749,0.452708,False,980
C102404,0.452635,False,981
C102339,0.452627,False,982
C101811,0.452557,False,983
C101340,0.45255,False,984
C101132,0.452513,False,985
C100258,0.45248,False,986
C101452,0.452478,False,987
C100051,0.452452,False,988
C100644,0.452435,False,989
C101075,0.452333,False,990
C100849,0.452281,False,991
C101333,0.452272,False,992
C100794,0.452227,False,993
C100314,0.452045,False,994
C102445,0.452033,False,995
C101879,0.452006,False,996
C100103,0.451898,False,997
C100465,0.451836,False,998
C102217,0.451806,False,999
C100050,0.451792,False,1000
C100543,0.451705,False,1001
C102024,0.451681,False,1002
C101110,0.451525,False,1003
C101515,0.4515,False,1004
C100757,0.451455,False,1005
C100810,0.451438,False,1006
C100614,0.451362,False,1007
C101568,0.451361,False,1008
C101038,0.451321,False,1009
C101778,0.451253,False,1010
C101249,0.451215,False,1011
C101808,0.451194,False,1012
C100676,0.45117,False,1013
C100217,0.45115,False,1014
C102394,0.451139,False,1015
C101609,0.451108,False,1016
C100071,0.451077,False,1017
C100667,0.451035,False,1018
C101321,0.451003,False,1019
C101863,0.450911,False,1020
C101848,0.450871,False,1021
C102422,0.450818,False,1022
C101847,0.450808,False,1023
C102313,0.450791,False,1024
C100247,0.450767,False,1025
C100871,0.450731,False,1026
C101926,0.450632,False,1027
C100907,0.450582,False,1028
C101366,0.45058,False,1029
C102060,0.450463,False,1030
C101359,0.450421,False,1031
C100638,0.450207,False,1032
C101587,0.450181,False,1033
C100322,0.450148,False,1034
C100565,0.45008,False,1035
C101170,0.449971,False,1036
C102308,0.449952,False,1037
C101235,0.449936,False,1038
C100213,0.449826,False,1039
C100376,0.449811,False,1040
C101294,0.44981,False,1041
C102000,0.44979,False,1042
C100660,0.449765,False,1043
C102409,0.449735,False,1044
C100116,0.449713,False,1045
C102369,0.449589,False,1046
C101021,0.44957,False,1047
C101301,0.449479,False,1048
C101787,0.449376,False,1049
C101088,0.449332,False,1050
C101690,0.449332,False,1051
C101516,0.449317,False,1052
C101734,0.449243,False,1053
C101062,0.449198,False,1054
C101441,0.449105,False,1055
C101489,0.449085,False,1056
C100830,0.448815,False,1057
C101264,0.448789,False,1058
C101373,0.448772,False,1059
C100415,0.448766,False,1060
C100791,0.448626,False,1061
C100508,0.448597,False,1062
C101890,0.448564,False,1063
C102428,0.448553,False,1064
C101410,0.448433,False,1065
C102224,0.448224,False,1066
C101895,0.448122,False,1067
C100244,0.448094,False,1068
C101153,0.448064,False,1069
C101919,0.448064,False,1070
C101222,0.448045,False,1071
C102115,0.447995,False,1072
C101656,0.447859,False,1073
C102499,0.447858,False,1074
C101011,0.447743,False,1075
C101771,0.447731,False,1076
C101541,0.447667,False,1077
C100193,0.447637,False,1078
C101885,0.447637,False,1079
C101168,0.447624,False,1080
C100279,0.447522,False,1081
C102467,0.447444,False,1082
C102204,0.447426,False,1083
C101794,0.447361,False,1084
C100940,0.447333,False,1085
C101464,0.447185,False,1086
C101207,0.44712,False,1087
C100759,0.447118,False,1088
C102012,0.447042,False,1089
C100767,0.446991,False,1090
C100097,0.446968,False,1091
C101442,0.446968,False,1092
C100351,0.446926,False,1093
C102141,0.446786,False,1094
C101246,0.44672,False,1095
C102257,0.446641,False,1096
C100815,0.446604,False,1097
C100947,0.446568,False,1098
C100862,0.446553,False,1099
C102377,0.44651,False,1100
C100984,0.446347,False,1101
C102163,0.446344,False,1102
C100925,0.446338,False,1103
C101032,0.446319,False,1104
C102474,0.446282,False,1105
C102304,0.446276,False,1106
C100290,0.446217,False,1107
C100038,0.446203,False,1108
C100209,0.446063,False,1109
C100699,0.446057,False,1110
C102055,0.446047,False,1111
C102039,0.446015,False,1112
C100460,0.446003,False,1113
C101390,0.445973,False,1114
C101674,0.445816,False,1115
C101324,0.445781,False,1116
C102436,0.445766,False,1117
C102368,0.445721,False,1118
C101932,0.445686,False,1119
C101682,0.445652,False,1120
C101729,0.445624,False,1121
C100326,0.445549,False,1122
C102077,0.445527,False,1123
C100147,0.445522,False,1124
C101546,0.445515,False,1125
C101027,0.445493,False,1126
C100435,0.445432,False,1127
C102034,0.445418,False,1128
C101090,0.445389,False,1129
C100580,0.445372,False,1130
C101487,0.445217,False,1131
C100226,0.445155,False,1132
C102193,0.445135,False,1133
C100713,0.445105,False,1134
C100389,0.445084,False,1135
C101746,0.445025,False,1136
C100266,0.445016,False,1137
C100091,0.444904,False,1138
C100672,0.4448,False,1139
C101040,0.444713,False,1140
C101017,0.444709,False,1141
C100655,0.44468,False,1142
C100904,0.444653,False,1143
C100953,0.444619,False,1144
C101503,0.444571,False,1145
C102492,0.444477,False,1146
C101137,0.44443,False,1147
C101658,0.444387,False,1148
C101600,0.444363,False,1149
C100034,0.444341,False,1150
C100721,0.444274,False,1151
C101664,0.444206,False,1152
C102347,0.444096,False,1153
C102135,0.443994,False,1154
C100414,0.443968,False,1155
C100361,0.443843,False,1156
C101289,0.44384,False,1157
C101763,0.443831,False,1158
C100734,0.443703,False,1159
C100998,0.443702,False,1160
C101304,0.443662,False,1161
C100342,0.443643,False,1162
C100018,0.443522,False,1163
C100625,0.443463,False,1164
C102235,0.443425,False,1165
C101037,0.443412,False,1166
C100798,0.443405,False,1167
C101185,0.443365,False,1168
C100104,0.443318,False,1169
C101201,0.443282,False,1170
C100254,0.443268,False,1171
C100742,0.443262,False,1172
C100921,0.443256,False,1173
C100724,0.443209,False,1174
C100780,0.443197,False,1175
C102231,0.443176,False,1176
C101611,0.443145,False,1177
C100967,0.443041,False,1178
C100201,0.443017,False,1179
C100410,0.442991,False,1180
C100015,0.442987,False,1181
C101527,0.442978,False,1182
C102069,0.442965,False,1183
C100898,0.442908,False,1184
C101077,0.442882,False,1185
C100694,0.442798,False,1186
C100635,0.442713,False,1187
C100113,0.442658,False,1188
C102171,0.442625,False,1189
C100895,0.442581,False,1190
C101678,0.442564,False,1191
C100215,0.442503,False,1192
C101582,0.442413,False,1193
C101371,0.442392,False,1194
C100127,0.442235,False,1195
C102059,0.442141,False,1196
C102103,0.442125,False,1197
C100464,0.4421,False,1198
C100785,0.442069,False,1199
C102003,0.441942,False,1200
C101179,0.441931,False,1201
C101649,0.441916,False,1202
C100111,0.441766,False,1203
C102098,0.441681,False,1204
C101935,0.441625,False,1205
C100799,0.441624,False,1206
C100339,0.441599,False,1207
C102240,0.441558,False,1208
C102148,0.441503,False,1209
C102462,0.441476,False,1210
C100931,0.441375,False,1211
C101574,0.441307,False,1212
C101318,0.44127,False,1213
C100030,0.441268,False,1214
C100991,0.441262,False,1215
C100174,0.441256,False,1216
C102442,0.441146,False,1217
C100974,0.441063,False,1218
C101399,0.440903,False,1219
C102200,0.440884,False,1220
C100816,0.440821,False,1221
C101049,0.440814,False,1222
C100159,0.440778,False,1223
C101920,0.440775,False,1224
C102423,0.440752,False,1225
C101500,0.440723,False,1226
C102435,0.440719,False,1227
C102273,0.440615,False,1228
C100048,0.440567,False,1229
C102252,0.440532,False,1230
C100362,0.440498,False,1231
C101385,0.440455,False,1232
C102400,0.440368,False,1233
C100990,0.440362,False,1234
C100475,0.44031,False,1235
C101325,0.440221,False,1236
C100835,0.440207,False,1237
C101225,0.44012,False,1238
C101391,0.440109,False,1239
C101874,0.440104,False,1240
C100690,0.440036,False,1241
C102419,0.440018,False,1242
C102307,0.439977,False,1243
C101122,0.439958,False,1244
C100552,0.439933,False,1245
C101217,0.439801,False,1246
C101443,0.4398,False,1247
C102022,0.439686,False,1248
C100359,0.439663,False,1249
C100899,0.439643,False,1250
C100275,0.439608,False,1251
C101756,0.439588,False,1252
C100424,0.439549,False,1253
C100868,0.439543,False,1254
C101757,0.439407,False,1255
C102140,0.439355,False,1256
C100800,0.43935,False,1257
C101864,0.439219,False,1258
C101462,0.43916,False,1259
C100331,0.439152,False,1260
C101951,0.439139,False,1261
C101538,0.439124,False,1262
C100087,0.439031,False,1263
C101173,0.43899,False,1264
C101640,0.438909,False,1265
C101367,0.438886,False,1266
C101492,0.438872,False,1267
C101583,0.438864,False,1268
C100831,0.438793,False,1269
C101905,0.438762,False,1270
C100643,0.438742,False,1271
C100845,0.43874,False,1272
C100782,0.438734,False,1273
C101561,0.438649,False,1274
C101097,0.438594,False,1275
C101854,0.43857,False,1276
C101589,0.438569,False,1277
C101098,0.438566,False,1278
C102058,0.43855,False,1279
C100390,0.438546,False,1280
C102143,0.438519,False,1281
C101880,0.438484,False,1282
C101081,0.438255,False,1283
C102476,0.438241,False,1284
C100017,0.438237,False,1285
C102113,0.438234,False,1286
C100078,0.438182,False,1287
C102460,0.438146,False,1288
C101876,0.438115,False,1289
C102383,0.438114,False,1290
C102372,0.438107,False,1291
C100074,0.438041,False,1292
C100522,0.438028,False,1293
C101431,0.437956,False,1294
C102380,0.437944,False,1295
C101858,0.437895,False,1296
C101425,0.437877,False,1297
C100756,0.437869,False,1298
C101671,0.437847,False,1299
C102414,0.437831,False,1300
C100458,0.437782,False,1301
C101146,0.437736,False,1302
C100135,0.437639,False,1303
C101433,0.43762,False,1304
C100754,0.437606,False,1305
C101278,0.437594,False,1306
C100610,0.43758,False,1307
C100181,0.437567,False,1308
C101877,0.437553,False,1309
C102331,0.437537,False,1310
C101559,0.437488,False,1311
C100524,0.437467,False,1312
C100289,0.437435,False,1313
C102101,0.437378,False,1314
C101334,0.437348,False,1315
C101686,0.437346,False,1316
C102398,0.437337,False,1317
C100795,0.437316,False,1318
C102244,0.437268,False,1319
C101660,0.437207,False,1320
C100291,0.437135,False,1321
C100691,0.437127,False,1322
C101365,0.436973,False,1323
C100811,0.436966,False,1324
C101270,0.436957,False,1325
C101745,0.436949,False,1326
C101335,0.436809,False,1327
C102349,0.436682,False,1328
C101915,0.436671,False,1329
C101652,0.436661,False,1330
C102480,0.436653,False,1331
C101752,0.436637,False,1332
C101192,0.436618,False,1333
C102363,0.436585,False,1334
C100271,0.436517,False,1335
C101999,0.436515,False,1336
C100617,0.436445,False,1337
C100626,0.4364,False,1338
C100056,0.43634,False,1339
C100761,0.436281,False,1340
C100755,0.43627,False,1341
C102251,0.43619,False,1342
C100161,0.436154,False,1343
C100020,0.436041,False,1344
C100052,0.436022,False,1345
C100441,0.435965,False,1346
C101338,0.43594,False,1347
C101151,0.435933,False,1348
C102029,0.435886,False,1349
C100152,0.435867,False,1350
C101960,0.43586,False,1351
C101118,0.435824,False,1352
C101438,0.435799,False,1353
C100951,0.435783,False,1354
C101488,0.435688,False,1355
C100013,0.43567,False,1356
C101916,0.435661,False,1357
C100519,0.435615,False,1358
C101177,0.435574,False,1359
C100958,0.435572,False,1360
C100039,0.435561,False,1361
C100325,0.435557,False,1362
C101354,0.43554,False,1363
C102271,0.435469,False,1364
C102025,0.435348,False,1365
C102457,0.435235,False,1366
C101736,0.435193,False,1367
C100741,0.435103,False,1368
C101524,0.435098,False,1369
C101475,0.435054,False,1370
C100242,0.43502,False,1371
C101104,0.434942,False,1372
C100981,0.434871,False,1373
C101326,0.434864,False,1374
C102248,0.434847,False,1375
C101165,0.434827,False,1376
C100825,0.434793,False,1377
C100913,0.434768,False,1378
C100995,0.434721,False,1379
C101103,0.434675,False,1380
C101499,0.434637,False,1381
C101260,0.434617,False,1382
C102127,0.434589,False,1383
C102177,0.434477,False,1384
C100358,0.434445,False,1385
C102408,0.43441,False,1386
C100328,0.43432,False,1387
C100256,0.43432,False,1388
C101867,0.434226,False,1389
C100255,0.434131,False,1390
C101796,0.434011,False,1391
C101460,0.433946,False,1392
C101398,0.433899,False,1393
C100739,0.433824,False,1394
C101553,0.433761,False,1395
C102016,0.433681,False,1396
C100496,0.433678,False,1397
C101950,0.433565,False,1398
C101564,0.433484,False,1399
C100239,0.433459,False,1400
C102078,0.433454,False,1401
C100897,0.433348,False,1402
C101432,0.433298,False,1403
C100646,0.43329,False,1404
C101961,0.433266,False,1405
C100890,0.43326,False,1406
C102392,0.433248,False,1407
C100715,0.433133,False,1408
C102254,0.433132,False,1409
C102290,0.433112,False,1410
C101944,0.4331,False,1411
C102353,0.433089,False,1412
C100883,0.433053,False,1413
C100732,0.43296,False,1414
C100765,0.432947,False,1415
C101712,0.4329,False,1416
C101717,0.432876,False,1417
C101076,0.432781,False,1418
C100796,0.432712,False,1419
C100065,0.432701,False,1420
C101569,0.432596,False,1421
C102218,0.432564,False,1422
C101148,0.432506,False,1423
C100988,0.432477,False,1424
C101995,0.432407,False,1425
C100601,0.432402,False,1426
C100407,0.432381,False,1427
C101766,0.43235,False,1428
C101996,0.432167,False,1429
C101267,0.432099,False,1430
C100784,0.432074,False,1431
C100567,0.431973,False,1432
C101220,0.431903,False,1433
C100873,0.431901,False,1434
C102023,0.431886,False,1435
C101884,0.431848,False,1436
C102232,0.431826,False,1437
C101223,0.431813,False,1438
C102172,0.431712,False,1439
C100929,0.431679,False,1440
C100332,0.431674,False,1441
C100473,0.431624,False,1442
C100706,0.431609,False,1443
C100878,0.431586,False,1444
C101200,0.431544,False,1445
C102270,0.43146,False,1446
C101476,0.431442,False,1447
C101347,0.431442,False,1448
C101843,0.431417,False,1449
C101761,0.431315,False,1450
C100685,0.431303,False,1451
C100007,0.431301,False,1452
C102214,0.431188,False,1453
C102348,0.431123,False,1454
C102344,0.431077,False,1455
C101113,0.430995,False,1456
C100624,0.430947,False,1457
C101054,0.430896,False,1458
C100814,0.43086,False,1459
C100768,0.430858,False,1460
C100518,0.430799,False,1461
C101513,0.430714,False,1462
C100901,0.43071,False,1463
C100130,0.430705,False,1464
C100538,0.430634,False,1465
C102068,0.430607,False,1466
C101715,0.430603,False,1467
C102085,0.430589,False,1468
C100824,0.430548,False,1469
C102319,0.430523,False,1470
C100712,0.430522,False,1471
C101802,0.430472,False,1472
C101409,0.430407,False,1473
C100560,0.430368,False,1474
C102374,0.430339,False,1475
C102324,0.430329,False,1476
C101904,0.430292,False,1477
C101562,0.430276,False,1478
C100297,0.430273,False,1479
C101411,0.430257,False,1480
C102399,0.430121,False,1481
C102354,0.430095,False,1482
C100207,0.430092,False,1483
C102169,0.430063,False,1484
C102479,0.430027,False,1485
C100894,0.429951,False,1486
C100285,0.429941,False,1487
C100975,0.429872,False,1488
C100695,0.429872,False,1489
C100480,0.429844,False,1490
C100182,0.429755,False,1491
C100220,0.429724,False,1492
C100165,0.429721,False,1493
C100647,0.429703,False,1494
C100716,0.429674,False,1495
C101539,0.429569,False,1496
C101616,0.429566,False,1497
C101604,0.429547,False,1498
C101704,0.429516,False,1499
C100917,0.4295,False,1500
C101281,0.429493,False,1501
C100246,0.429444,False,1502
C101943,0.429386,False,1503
C100085,0.429339,False,1504
C101861,0.429228,False,1505
C100554,0.429177,False,1506
C100965,0.429175,False,1507
C101345,0.429153,False,1508
C101181,0.429139,False,1509
C102110,0.429137,False,1510
C102430,0.42912,False,1511
C100675,0.429054,False,1512
C100033,0.429019,False,1513
C101306,0.428984,False,1514
C101628,0.428967,False,1515
C100498,0.428832,False,1516
C102340,0.428828,False,1517
C101759,0.428784,False,1518
C102129,0.428776,False,1519
C102382,0.428739,False,1520
C100004,0.428738,False,1521
C100587,0.428666,False,1522
C100046,0.428663,False,1523
C101627,0.428548,False,1524
C101940,0.428517,False,1525
C102296,0.428441,False,1526
C102443,0.428437,False,1527
C102361,0.428426,False,1528
C101381,0.428335,False,1529
C101887,0.428287,False,1530
C100529,0.428219,False,1531
C100736,0.428174,False,1532
C101083,0.428166,False,1533
C100978,0.42812,False,1534
C100457,0.428118,False,1535
C101605,0.428116,False,1536
C101531,0.428106,False,1537
C101703,0.427938,False,1538
C100470,0.427908,False,1539
C100160,0.427761,False,1540
C101831,0.427753,False,1541
C100199,0.427718,False,1542
C100451,0.427691,False,1543
C100320,0.42768,False,1544
C100946,0.427676,False,1545
C101009,0.427671,False,1546
C101106,0.427647,False,1547
C101362,0.427599,False,1548
C101189,0.427542,False,1549
C100619,0.42747,False,1550
C100513,0.42746,False,1551
C102458,0.427451,False,1552
C100021,0.427416,False,1553
C101467,0.427141,False,1554
C102279,0.427121,False,1555
C102338,0.427103,False,1556
C100566,0.427101,False,1557
C101804,0.426969,False,1558
C100392,0.426962,False,1559
C100311,0.426919,False,1560
C100402,0.426862,False,1561
C100150,0.426844,False,1562
C100573,0.426822,False,1563
C100701,0.426804,False,1564
C100867,0.426775,False,1565
C101478,0.426772,False,1566
C100583,0.426694,False,1567
C101572,0.426652,False,1568
C101724,0.426623,False,1569
C102461,0.426605,False,1570
C101451,0.426602,False,1571
C102329,0.426585,False,1572
C100081,0.426584,False,1573
C101175,0.42655,False,1574
C102317,0.426521,False,1575
C100813,0.4263,False,1576
C100731,0.426289,False,1577
C102011,0.4262,False,1578
C102116,0.426196,False,1579
C101676,0.426191,False,1580
C100956,0.426162,False,1581
C101635,0.426157,False,1582
C100804,0.42612,False,1583
C102365,0.426096,False,1584
C100315,0.42605,False,1585
C100429,0.426034,False,1586
C102471,0.426018,False,1587
C102464,0.425915,False,1588
C101708,0.425904,False,1589
C100536,0.425894,False,1590
C102250,0.425889,False,1591
C100189,0.425878,False,1592
C100486,0.425853,False,1593
C100727,0.425849,False,1594
C100550,0.425834,False,1595
C101471,0.425833,False,1596
C101844,0.425761,False,1597
C102006,0.425759,False,1598
C100822,0.425746,False,1599
C101446,0.425734,False,1600
C100036,0.425683,False,1601
C101424,0.42561,False,1602
C101636,0.425591,False,1603
C102342,0.425558,False,1604
C102145,0.425556,False,1605
C101845,0.425486,False,1606
C100023,0.425255,False,1607
C100027,0.425231,False,1608
C101261,0.425216,False,1609
C100611,0.425184,False,1610
C101029,0.42515,False,1611
C101407,0.425147,False,1612
C101129,0.425107,False,1613
C102454,0.425051,False,1614
C100327,0.425029,False,1615
C100110,0.424954,False,1616
C101841,0.424936,False,1617
C100481,0.424833,False,1618
C100718,0.424705,False,1619
C101138,0.42468,False,1620
C101230,0.424655,False,1621
C101846,0.424643,False,1622
C101837,0.424627,False,1623
C101430,0.424602,False,1624
C102297,0.424553,False,1625
C100128,0.424546,False,1626
C100092,0.424534,False,1627
C101537,0.424533,False,1628
C100983,0.42452,False,1629
C100380,0.424485,False,1630
C100238,0.424478,False,1631
C101903,0.424458,False,1632
C100656,0.424383,False,1633
C101634,0.424383,False,1634
C101755,0.424373,False,1635
C100261,0.424351,False,1636
C100912,0.424251,False,1637
C100591,0.424214,False,1638
C102091,0.424154,False,1639
C100025,0.424095,False,1640
C101174,0.424081,False,1641
C101092,0.424072,False,1642
C101677,0.424049,False,1643
C102366,0.424015,False,1644
C102351,0.423972,False,1645
C100778,0.423932,False,1646
C101010,0.423928,False,1647
C100177,0.423915,False,1648
C102312,0.423915,False,1649
C101938,0.423913,False,1650
C101638,0.423907,False,1651
C101702,0.423793,False,1652
C101872,0.423771,False,1653
C101522,0.42375,False,1654
C100834,0.423744,False,1655
C100163,0.423724,False,1656
C101576,0.423717,False,1657
C101415,0.423695,False,1658
C101356,0.423622,False,1659
C100730,0.42358,False,1660
C101820,0.423512,False,1661
C101829,0.423503,False,1662
C102413,0.423453,False,1663
C101336,0.423427,False,1664
C100952,0.423312,False,1665
C100515,0.423277,False,1666
C101283,0.423147,False,1667
C101828,0.423057,False,1668
C101909,0.423024,False,1669
C101891,0.423022,False,1670
C100144,0.42296,False,1671
C100582,0.422932,False,1672
C100639,0.422924,False,1673
C101781,0.422861,False,1674
C102119,0.422841,False,1675
C100388,0.422823,False,1676
C101716,0.42278,False,1677
C102007,0.422738,False,1678
C102451,0.422691,False,1679
C100908,0.422664,False,1680
C100277,0.422659,False,1681
C101964,0.42255,False,1682
C101348,0.422521,False,1683
C101044,0.42251,False,1684
C100180,0.422428,False,1685
C100969,0.422327,False,1686
C101510,0.422293,False,1687
C100557,0.422274,False,1688
C102126,0.422263,False,1689
C102020,0.422245,False,1690
C102469,0.422242,False,1691
C102359,0.422187,False,1692
C101382,0.422176,False,1693
C100563,0.422076,False,1694
C101624,0.421983,False,1695
C100906,0.421956,False,1696
C101509,0.421938,False,1697
C101688,0.421884,False,1698
C102056,0.421817,False,1699
C100986,0.421754,False,1700
C101420,0.421733,False,1701
C100971,0.421627,False,1702
C100820,0.421597,False,1703
C100094,0.421578,False,1704
C100476,0.421551,False,1705
C101913,0.421512,False,1706
C100196,0.421436,False,1707
C100155,0.421371,False,1708
C101816,0.421328,False,1709
C101229,0.421286,False,1710
C101384,0.421281,False,1711
C101870,0.421279,False,1712
C101543,0.421228,False,1713
C100832,0.421173,False,1714
C101613,0.421152,False,1715
C101107,0.421085,False,1716
C100523,0.420944,False,1717
C101630,0.420931,False,1718
C100412,0.420893,False,1719
C100612,0.420838,False,1720
C101413,0.420784,False,1721
C101777,0.420723,False,1722
C101218,0.420718,False,1723
C102153,0.420609,False,1724
C100865,0.420529,False,1725
C100720,0.420485,False,1726
C101061,0.420314,False,1727
C101143,0.420285,False,1728
C100745,0.420281,False,1729
C100293,0.420268,False,1730
C100479,0.420238,False,1731
C100106,0.420212,False,1732
C102120,0.420176,False,1733
C101184,0.420171,False,1734
C100613,0.420145,False,1735
C100766,0.420096,False,1736
C101150,0.420023,False,1737
C102287,0.420011,False,1738
C100406,0.419991,False,1739
C101991,0.41999,False,1740
C102074,0.419891,False,1741
C102401,0.419864,False,1742
C102054,0.419745,False,1743
C102083,0.419711,False,1744
C102444,0.419506,False,1745
C102336,0.419471,False,1746
C101738,0.419454,False,1747
C101760,0.419371,False,1748
C100357,0.41928,False,1749
C101552,0.419236,False,1750
C100900,0.419207,False,1751
C101540,0.419195,False,1752
C100950,0.419167,False,1753
C100387,0.419158,False,1754
C100926,0.419145,False,1755
C100372,0.419143,False,1756
C100598,0.419076,False,1757
C101601,0.419057,False,1758
C100793,0.4189,False,1759
C101273,0.418838,False,1760
C101006,0.418766,False,1761
C102285,0.418741,False,1762
C101722,0.418725,False,1763
C100299,0.418684,False,1764
C100576,0.418621,False,1765
C100164,0.418549,False,1766
C101221,0.418544,False,1767
C101989,0.418515,False,1768
C100210,0.418476,False,1769
C102176,0.41842,False,1770
C100996,0.418392,False,1771
C100684,0.418338,False,1772
C100905,0.418254,False,1773
C102234,0.418225,False,1774
C101213,0.418222,False,1775
C100430,0.41821,False,1776
C100888,0.418174,False,1777
C101457,0.418168,False,1778
C101444,0.418113,False,1779
C102300,0.418077,False,1780
C101842,0.418071,False,1781
C100272,0.418067,False,1782
C100184,0.417967,False,1783
C102233,0.417947,False,1784
C100997,0.417941,False,1785
C100629,0.417913,False,1786
C100119,0.417896,False,1787
C102033,0.417827,False,1788
C100426,0.417719,False,1789
C100309,0.417665,False,1790
C102345,0.41762,False,1791
C101532,0.417608,False,1792
C101806,0.417576,False,1793
C102051,0.417544,False,1794
C102274,0.417514,False,1795
C100689,0.417456,False,1796
C101594,0.417445,False,1797
C101091,0.417444,False,1798
C101066,0.41741,False,1799
C101753,0.417363,False,1800
C101495,0.417351,False,1801
C101769,0.417345,False,1802
C102289,0.417334,False,1803
C100000,0.417325,False,1804
C100069,0.417317,False,1805
C100511,0.417284,False,1806
C100708,0.417234,False,1807
C101219,0.417217,False,1808
C100452,0.417206,False,1809
C102316,0.417107,False,1810
C100574,0.417105,False,1811
C100188,0.417074,False,1812
C101898,0.41701,False,1813
C100001,0.41693,False,1814
C102073,0.416917,False,1815
C100454,0.416871,False,1816
C102112,0.41684,False,1817
C101182,0.416812,False,1818
C100682,0.416805,False,1819
C100022,0.416803,False,1820
C102066,0.416794,False,1821
C102487,0.416784,False,1822
C102498,0.416772,False,1823
C100737,0.416764,False,1824
C100703,0.416761,False,1825
C102158,0.416664,False,1826
C100911,0.416645,False,1827
C101530,0.416626,False,1828
C101479,0.416577,False,1829
C100918,0.416532,False,1830
C100558,0.41652,False,1831
C101511,0.416503,False,1832
C101089,0.4164,False,1833
C101739,0.416362,False,1834
C101048,0.416339,False,1835
C100829,0.416266,False,1836
C102275,0.416261,False,1837
C102213,0.416167,False,1838
C101578,0.41615,False,1839
C101406,0.416139,False,1840
C100061,0.41612,False,1841
C101456,0.416118,False,1842
C101244,0.416084,False,1843
C102047,0.416081,False,1844
C100937,0.416056,False,1845
C101586,0.416052,False,1846
C100245,0.416046,False,1847
C100268,0.415989,False,1848
C100318,0.415939,False,1849
C101370,0.415815,False,1850
C100494,0.415792,False,1851
C100902,0.415735,False,1852
C101234,0.415673,False,1853
C101731,0.415658,False,1854
C100858,0.415644,False,1855
C100179,0.415637,False,1856
C101389,0.415502,False,1857
C102470,0.415496,False,1858
C100381,0.415491,False,1859
C102202,0.41549,False,1860
C102447,0.415479,False,1861
C102230,0.415466,False,1862
C102133,0.415457,False,1863
C102437,0.415443,False,1864
C100698,0.415335,False,1865
C101992,0.415277,False,1866
C100505,0.414973,False,1867
C100095,0.414963,False,1868
C100968,0.414926,False,1869
C101889,0.41487,False,1870
C101303,0.414867,False,1871
C101657,0.414865,False,1872
C100877,0.414833,False,1873
C101747,0.414807,False,1874
C102486,0.414778,False,1875
C101742,0.414768,False,1876
C101948,0.414731,False,1877
C100031,0.414731,False,1878
C100856,0.414681,False,1879
C100880,0.414679,False,1880
C101680,0.414648,False,1881
C100525,0.414638,False,1882
C100666,0.414566,False,1883
C100241,0.414557,False,1884
C100045,0.414527,False,1885
C101353,0.414458,False,1886
C102333,0.414451,False,1887
C102164,0.414449,False,1888
C101830,0.414403,False,1889
C101927,0.414398,False,1890
C100841,0.414313,False,1891
C100044,0.414312,False,1892
C100551,0.414281,False,1893
C100500,0.414279,False,1894
C101482,0.414166,False,1895
C101302,0.414097,False,1896
C102188,0.414048,False,1897
C100662,0.413952,False,1898
C102199,0.413937,False,1899
C101982,0.413929,False,1900
C102330,0.413913,False,1901
C102149,0.413857,False,1902
C101105,0.413855,False,1903
C100049,0.413799,False,1904
C100203,0.41378,False,1905
C100577,0.413753,False,1906
C100330,0.413741,False,1907
C100863,0.413739,False,1908
C101740,0.413737,False,1909
C102463,0.413608,False,1910
C101245,0.413546,False,1911
C100649,0.41353,False,1912
C101603,0.41351,False,1913
C101312,0.413482,False,1914
C102147,0.413421,False,1915
C100089,0.413416,False,1916
C102131,0.413299,False,1917
C100747,0.413249,False,1918
C101924,0.413234,False,1919
C100156,0.413213,False,1920
C101414,0.413121,False,1921
C100073,0.413101,False,1922
C101297,0.413064,False,1923
C100347,0.413063,False,1924
C100589,0.41303,False,1925
C100823,0.413027,False,1926
C101036,0.413008,False,1927
C100955,0.412971,False,1928
C101928,0.412904,False,1929
C100011,0.412835,False,1930
C100108,0.412786,False,1931
C100374,0.412746,False,1932
C100423,0.412656,False,1933
C102456,0.412579,False,1934
C101342,0.412567,False,1935
C101454,0.412548,False,1936
C101952,0.412466,False,1937
C101580,0.412459,False,1938
C100448,0.41244,False,1939
C101728,0.412419,False,1940
C102174,0.412378,False,1941
C102427,0.412367,False,1942
C100236,0.412315,False,1943
C100585,0.412251,False,1944
C100319,0.412134,False,1945
C100493,0.412108,False,1946
C101508,0.412079,False,1947
C100153,0.412002,False,1948
C100548,0.411901,False,1949
C100467,0.411882,False,1950
C102238,0.411784,False,1951
C101643,0.411782,False,1952
C100455,0.411714,False,1953
C101071,0.411687,False,1954
C101392,0.411658,False,1955
C100333,0.411548,False,1956
C101899,0.411542,False,1957
C102384,0.411497,False,1958
C100674,0.411442,False,1959
C102496,0.411442,False,1960
C100400,0.411425,False,1961
C102183,0.411343,False,1962
C101255,0.411311,False,1963
C101120,0.411262,False,1964
C100657,0.411134,False,1965
C102450,0.411089,False,1966
C100653,0.410955,False,1967
C100433,0.410954,False,1968
C100972,0.410916,False,1969
C101566,0.410915,False,1970
C102099,0.410792,False,1971
C101199,0.410751,False,1972
C100555,0.410361,False,1973
C100449,0.41034,False,1974
C100770,0.410319,False,1975
C101565,0.410243,False,1976
C102216,0.410238,False,1977
C100821,0.410216,False,1978
C101974,0.410208,False,1979
C101022,0.410168,False,1980
C101866,0.410148,False,1981
C100257,0.410146,False,1982
C102245,0.410056,False,1983
C100427,0.41003,False,1984
C100668,0.409901,False,1985
C101440,0.409859,False,1986
C102084,0.409854,False,1987
C102405,0.409844,False,1988
C100507,0.409774,False,1989
C101577,0.409753,False,1990
C100792,0.409718,False,1991
C102190,0.409641,False,1992
C101485,0.409589,False,1993
C101215,0.409527,False,1994
C100864,0.40951,False,1995
C100527,0.40946,False,1996
C100080,0.409449,False,1997
C101004,0.40942,False,1998
C100063,0.409234,False,1999
C100970,0.409214,False,2000
C100697,0.409209,False,2001
C100363,0.409165,False,2002
C102475,0.40914,False,2003
C100553,0.409133,False,2004
C101824,0.409078,False,2005
C100398,0.408988,False,2006
C100559,0.408837,False,2007
C102042,0.408808,False,2008
C100847,0.408797,False,2009
C100777,0.408747,False,2010
C100753,0.408627,False,2011
C100942,0.40855,False,2012
C100002,0.408501,False,2013
C100963,0.40843,False,2014
C100138,0.408418,False,2015
C100284,0.408402,False,2016
C100386,0.408331,False,2017
C101400,0.408318,False,2018
C100948,0.408115,False,2019
C101115,0.408056,False,2020
C100273,0.408027,False,2021
C100419,0.408005,False,2022
C100385,0.407958,False,2023
C101865,0.407939,False,2024
C102089,0.407908,False,2025
C101813,0.407846,False,2026
C100637,0.40773,False,2027
C101641,0.407705,False,2028
C101941,0.40765,False,2029
C101608,0.407635,False,2030
C101436,0.40762,False,2031
C101315,0.407606,False,2032
C101818,0.407538,False,2033
C101293,0.407498,False,2034
C101216,0.407493,False,2035
C101074,0.407488,False,2036
C101180,0.407436,False,2037
C100345,0.407356,False,2038
C101917,0.407327,False,2039
C101483,0.407319,False,2040
C100725,0.40728,False,2041
C101210,0.407185,False,2042
C100733,0.40713,False,2043
C102292,0.407127,False,2044
C101764,0.407055,False,2045
C100722,0.406979,False,2046
C102282,0.406962,False,2047
C102494,0.406875,False,2048
C100572,0.406819,False,2049
C101388,0.406805,False,2050
C100663,0.406779,False,2051
C100789,0.406724,False,2052
C100185,0.406631,False,2053
C101906,0.406577,False,2054
C102005,0.406544,False,2055
C100445,0.406523,False,2056
C100887,0.406451,False,2057
C101838,0.406438,False,2058
C101477,0.406423,False,2059
C101190,0.406422,False,2060
C101211,0.406403,False,2061
C100896,0.406264,False,2062
C101632,0.406249,False,2063
C101427,0.406213,False,2064
C101788,0.406205,False,2065
C102048,0.406125,False,2066
C101542,0.406074,False,2067
C102375,0.406,False,2068
C101128,0.405697,False,2069
C100588,0.405691,False,2070
C100446,0.405639,False,2071
C102136,0.405551,False,2072
C100916,0.40552,False,2073
C100502,0.40548,False,2074
C101859,0.405479,False,2075
C100866,0.405475,False,2076
C101691,0.405366,False,2077
C100028,0.405342,False,2078
C100355,0.405276,False,2079
C101361,0.405269,False,2080
C101064,0.405269,False,2081
C102429,0.405267,False,2082
C100495,0.405111,False,2083
C100060,0.405094,False,2084
C100146,0.405083,False,2085
C101320,0.404954,False,2086
C100248,0.404939,False,2087
C100383,0.404884,False,2088
C101814,0.404848,False,2089
C101536,0.404812,False,2090
C100260,0.404738,False,2091
C100620,0.404665,False,2092
C101696,0.404661,False,2093
C102079,0.404548,False,2094
C101714,0.404477,False,2095
C100590,0.404248,False,2096
C101827,0.404119,False,2097
C100140,0.404099,False,2098
C101161,0.40409,False,2099
C102346,0.404034,False,2100
C100391,0.403968,False,2101
C100801,0.403946,False,2102
C101166,0.403891,False,2103
C100642,0.403847,False,2104
C100769,0.403806,False,2105
C101653,0.403762,False,2106
C100954,0.403729,False,2107
C102201,0.403727,False,2108
C101014,0.403721,False,2109
C100294,0.403647,False,2110
C100302,0.403608,False,2111
C100826,0.403591,False,2112
C101930,0.40355,False,2113
C101469,0.403492,False,2114
C101343,0.403448,False,2115
C102323,0.403431,False,2116
C101821,0.403387,False,2117
C100323,0.403357,False,2118
C101286,0.403338,False,2119
C100602,0.403335,False,2120
C100197,0.403332,False,2121
C100541,0.403312,False,2122
C100118,0.403242,False,2123
C102472,0.403239,False,2124
C101518,0.403232,False,2125
C101497,0.403225,False,2126
C102043,0.403115,False,2127
C101558,0.403051,False,2128
C102106,0.403013,False,2129
C100206,0.402969,False,2130
C101533,0.40295,False,2131
C102265,0.402937,False,2132
C102170,0.402904,False,2133
C101825,0.402879,False,2134
C101000,0.402843,False,2135
C101063,0.402785,False,2136
C102086,0.402758,False,2137
C101271,0.402704,False,2138
C101514,0.402679,False,2139
C100263,0.402639,False,2140
C100838,0.402631,False,2141
C100126,0.402577,False,2142
C101329,0.402565,False,2143
C101571,0.402559,False,2144
C102088,0.402445,False,2145
C100090,0.402427,False,2146
C101978,0.402415,False,2147
C101332,0.402332,False,2148
C102102,0.402288,False,2149
C101612,0.402176,False,2150
C101642,0.40217,False,2151
C101169,0.402058,False,2152
C101155,0.402034,False,2153
C101282,0.402007,False,2154
C100413,0.401971,False,2155
C101470,0.401933,False,2156
C100278,0.401898,False,2157
C100037,0.401801,False,2158
C102219,0.401777,False,2159
C100471,0.401735,False,2160
C101610,0.401702,False,2161
C100884,0.401648,False,2162
C101316,0.40158,False,2163
C102420,0.40156,False,2164
C102031,0.401511,False,2165
C101461,0.401386,False,2166
C101078,0.401341,False,2167
C100746,0.401334,False,2168
C100678,0.401272,False,2169
C100418,0.401257,False,2170
C102327,0.401209,False,2171
C101147,0.401201,False,2172
C101265,0.401143,False,2173
C100428,0.40112,False,2174
C101684,0.401073,False,2175
C101579,0.401011,False,2176
C100370,0.400982,False,2177
C101003,0.400963,False,2178
C100300,0.400793,False,2179
C102225,0.400792,False,2180
C102237,0.400697,False,2181
C100312,0.400671,False,2182
C101339,0.400594,False,2183
C102236,0.40043,False,2184
C102192,0.4004,False,2185
C100710,0.400352,False,2186
C100561,0.400235,False,2187
C102262,0.400185,False,2188
C100774,0.400131,False,2189
C101018,0.400092,False,2190
C100840,0.400076,False,2191
C101186,0.400029,False,2192
C100211,0.399991,False,2193
C101517,0.399963,False,2194
C101191,0.399909,False,2195
C100596,0.399904,False,2196
C102181,0.399867,False,2197
C100805,0.399813,False,2198
C102194,0.399778,False,2199
C100249,0.399722,False,2200
C102138,0.39971,False,2201
C101341,0.399693,False,2202
C101188,0.399616,False,2203
C100223,0.399581,False,2204
C101667,0.399556,False,2205
C102087,0.399518,False,2206
C102017,0.399489,False,2207
C102406,0.399486,False,2208
C101051,0.399366,False,2209
C100570,0.399318,False,2210
C100474,0.399303,False,2211
C100545,0.399187,False,2212
C101241,0.399126,False,2213
C101445,0.399021,False,2214
C101493,0.399015,False,2215
C100806,0.398987,False,2216
C101784,0.398974,False,2217
C101977,0.398756,False,2218
C100600,0.398712,False,2219
C101733,0.398615,False,2220
C101623,0.398572,False,2221
C102050,0.398548,False,2222
C100151,0.398475,False,2223
C102493,0.398455,False,2224
C102175,0.39843,False,2225
C102002,0.398391,False,2226
C100688,0.398389,False,2227
C101327,0.398238,False,2228
C101237,0.398224,False,2229
C100705,0.398059,False,2230
C101072,0.397803,False,2231
C100204,0.397783,False,2232
C101597,0.397778,False,2233
C100993,0.39776,False,2234
C101319,0.397757,False,2235
C100098,0.39775,False,2236
C100137,0.397745,False,2237
C102294,0.397718,False,2238
C101480,0.397691,False,2239
C100472,0.397689,False,2240
C102277,0.397689,False,2241
C101198,0.397664,False,2242
C101521,0.397538,False,2243
C102261,0.397534,False,2244
C102067,0.397503,False,2245
C102355,0.397494,False,2246
C101855,0.39747,False,2247
C101681,0.397451,False,2248
C100775,0.397431,False,2249
C102206,0.397393,False,2250
C101793,0.39739,False,2251
C100618,0.397365,False,2252
C100490,0.397355,False,2253
C101380,0.397287,False,2254
C100633,0.397205,False,2255
C100219,0.397167,False,2256
C101290,0.397101,False,2257
C101468,0.397033,False,2258
C101450,0.397013,False,2259
C100936,0.397004,False,2260
C101822,0.396947,False,2261
C101052,0.39687,False,2262
C101002,0.39681,False,2263
C102318,0.396791,False,2264
C101050,0.396719,False,2265
C101463,0.39664,False,2266
C100605,0.396541,False,2267
C101646,0.396534,False,2268
C101629,0.396438,False,2269
C101377,0.396433,False,2270
C102466,0.396402,False,2271
C101149,0.396315,False,2272
C100408,0.39613,False,2273
C102076,0.396077,False,2274
C101154,0.396075,False,2275
C101529,0.395931,False,2276
C100043,0.395916,False,2277
C100221,0.395826,False,2278
C101193,0.395639,False,2279
C101593,0.395633,False,2280
C100506,0.395565,False,2281
C101323,0.395542,False,2282
C102208,0.395527,False,2283
C100149,0.395467,False,2284
C100919,0.395417,False,2285
C102395,0.395331,False,2286
C100930,0.395309,False,2287
C101581,0.395309,False,2288
C101502,0.39528,False,2289
C100648,0.395221,False,2290
C102410,0.395183,False,2291
C100296,0.395156,False,2292
C102390,0.395079,False,2293
C101767,0.395031,False,2294
C101912,0.394868,False,2295
C100860,0.394807,False,2296
C101875,0.394784,False,2297
C100100,0.394694,False,2298
C101203,0.394602,False,2299
C102223,0.394585,False,2300
C102439,0.394564,False,2301
C100665,0.394485,False,2302
C100807,0.394477,False,2303
C100168,0.394328,False,2304
C102415,0.394265,False,2305
C101087,0.394238,False,2306
C101850,0.394204,False,2307
C100797,0.394153,False,2308
C101711,0.394147,False,2309
C101792,0.393903,False,2310
C101344,0.393788,False,2311
C100604,0.393698,False,2312
C101554,0.393656,False,2313
C102107,0.393621,False,2314
C101355,0.393604,False,2315
C100230,0.393561,False,2316
C101501,0.393533,False,2317
C101416,0.393526,False,2318
C100504,0.393496,False,2319
C100250,0.393489,False,2320
C101139,0.393439,False,2321
C102373,0.393397,False,2322
C101956,0.39333,False,2323
C100344,0.393302,False,2324
C101248,0.393266,False,2325
C101307,0.393263,False,2326
C102125,0.393209,False,2327
C101045,0.393197,False,2328
C100444,0.393146,False,2329
C102276,0.393121,False,2330
C102412,0.393056,False,2331
C101650,0.393006,False,2332
C102309,0.392916,False,2333
C100276,0.392905,False,2334
C101279,0.392863,False,2335
C102041,0.392584,False,2336
C100070,0.392569,False,2337
C100436,0.392553,False,2338
C100512,0.392539,False,2339
C102239,0.392503,False,2340
C101723,0.392477,False,2341
C101776,0.392443,False,2342
C102367,0.392431,False,2343
C101123,0.39242,False,2344
C101981,0.392293,False,2345
C100105,0.392292,False,2346
C100456,0.392251,False,2347
C100915,0.392104,False,2348
C101447,0.392004,False,2349
C100628,0.391982,False,2350
C101163,0.391977,False,2351
C101832,0.391947,False,2352
C102315,0.391867,False,2353
C101142,0.391859,False,2354
C101869,0.391759,False,2355
C102433,0.391713,False,2356
C100749,0.391661,False,2357
C100850,0.391627,False,2358
C100006,0.391577,False,2359
C101575,0.391568,False,2360
C100032,0.391531,False,2361
C100334,0.391521,False,2362
C101121,0.3915,False,2363
C102431,0.391357,False,2364
C101959,0.391105,False,2365
C100450,0.391054,False,2366
C100288,0.391047,False,2367
C100726,0.390926,False,2368
C101119,0.390867,False,2369
C101160,0.390833,False,2370
C101626,0.390578,False,2371
C102305,0.390506,False,2372
C102053,0.390424,False,2373
C100308,0.390392,False,2374
C100976,0.390356,False,2375
C101358,0.390327,False,2376
C101404,0.390322,False,2377
C102334,0.390309,False,2378
C102337,0.390101,False,2379
C101374,0.389985,False,2380
C101971,0.38995,False,2381
C101287,0.389901,False,2382
C100191,0.389886,False,2383
C101317,0.389651,False,2384
C101024,0.389599,False,2385
C102488,0.38956,False,2386
C101584,0.389381,False,2387
C101639,0.389274,False,2388
C102396,0.389183,False,2389
C100306,0.389114,False,2390
C102332,0.389114,False,2391
C100367,0.389091,False,2392
C100243,0.389081,False,2393
C101985,0.388747,False,2394
C101205,0.388687,False,2395
C100932,0.388615,False,2396
C102481,0.388577,False,2397
C100846,0.388562,False,2398
C102228,0.388493,False,2399
C102105,0.388454,False,2400
C100093,0.388403,False,2401
C101397,0.388306,False,2402
C101946,0.388266,False,2403
C102489,0.388261,False,2404
C100384,0.388078,False,2405
C101598,0.387924,False,2406
C100172,0.387893,False,2407
C101983,0.387831,False,2408
C100303,0.387722,False,2409
C100066,0.387373,False,2410
C101967,0.387325,False,2411
C101079,0.387304,False,2412
C101962,0.387178,False,2413
C100569,0.387087,False,2414
C101622,0.387077,False,2415
C102298,0.386884,False,2416
C100394,0.386649,False,2417
C101108,0.386631,False,2418
C101346,0.386522,False,2419
C101112,0.386458,False,2420
C102045,0.386415,False,2421
C102301,0.386236,False,2422
C100225,0.386177,False,2423
C101408,0.386157,False,2424
C102356,0.386109,False,2425
C101881,0.385981,False,2426
C100687,0.385804,False,2427
C102326,0.385497,False,2428
C101116,0.385155,False,2429
C101144,0.385057,False,2430
C101046,0.384918,False,2431
C100461,0.384865,False,2432
C101212,0.384792,False,2433
C100743,0.384698,False,2434
C102226,0.384658,False,2435
C102015,0.384537,False,2436
C100540,0.384328,False,2437
C101548,0.384311,False,2438
C102062,0.384307,False,2439
C100979,0.384054,False,2440
C102459,0.384038,False,2441
C102173,0.384014,False,2442
C100879,0.383992,False,2443
C100102,0.38397,False,2444
C101975,0.383966,False,2445
C101232,0.383943,False,2446
C100154,0.383937,False,2447
C101308,0.383791,False,2448
C102227,0.383716,False,2449
C101314,0.383007,False,2450
C101817,0.382999,False,2451
C101100,0.38293,False,2452
C100521,0.38287,False,2453
C101800,0.382118,False,2454
C101272,0.382078,False,2455
C101057,0.382068,False,2456
C100719,0.382053,False,2457
C101925,0.381679,False,2458
C101023,0.381675,False,2459
C101921,0.381658,False,2460
C100945,0.381464,False,2461
C101473,0.381319,False,2462
C101412,0.381298,False,2463
C101162,0.381195,False,2464
C101395,0.381116,False,2465
C101685,0.380769,False,2466
C101633,0.380767,False,2467
C100503,0.380729,False,2468
C100819,0.380388,False,2469
C102220,0.380229,False,2470
C102360,0.380144,False,2471
C102491,0.380084,False,2472
C101655,0.379954,False,2473
C101172,0.379715,False,2474
C100059,0.379655,False,2475
C102278,0.379617,False,2476
C100484,0.379614,False,2477
C101196,0.37911,False,2478
C101873,0.378472,False,2479
C100903,0.378461,False,2480
C102255,0.378416,False,2481
C101058,0.378194,False,2482
C100101,0.378037,False,2483
C102314,0.377737,False,2484
C102080,0.377731,False,2485
C100892,0.377671,False,2486
C100287,0.376947,False,2487
C101372,0.376571,False,2488
C100008,0.376429,False,2489
C100167,0.376345,False,2490
C100534,0.376031,False,2491
C100923,0.375739,False,2492
C100603,0.375576,False,2493
C101839,0.375561,False,2494
C100231,0.375534,False,2495
C101555,0.374781,False,2496
C101732,0.373765,False,2497
C101819,0.37373,False,2498
C100922,0.373725,False,2499
C100872,0.369098,False,2500
